article,series,series-id,episode,language,category,origin,shop-id,web,data-sets,id-sets,id-sets-confidence,auth-sets
,Coming Soon,,,en-us,Tonie,stock,8250222477463,,1,0,0,0
00000000,Coming Soon Tonie 1,,,en-us,Tonie,stock,8250222477463,,1,0,0,0
10000001,Julia Donaldson,julia-donaldson,The Gruffalo,en-gb,audio-play,stock,f16007bb-7600-4676-8221-6e2270d5c797,https://tonies.com/en-gb/tonies/julia-donaldson/the-gruffalo/,1,1,0,0
10000002,The Gruffalo,the-gruffalo,The Gruffalo's Child,en-gb,audio-book,stock,7d54abc7-2d64-4a3a-85fd-a33d862577c5,https://tonies.com/en-gb/tonies/the-gruffalo/the-gruffalos-child/,1,0,0,0
10000005,Highway Rat,highway-rat,Highway Rat,en-gb,audio-book-songs,stock,64132198-c82f-4f56-a30b-1620589b45a6,https://tonies.com/en-gb/tonies/highway-rat/highway-rat/,1,0,0,0
10000007,Julia Donaldson,julia-donaldson,Stick Man,en-gb,audio-book-songs,stock,b73dfc00-f6d7-4924-a859-b0677e33ff5c,https://tonies.com/en-gb/tonies/julia-donaldson/stick-man/,1,1,0,0
10000008,HOW AND WHY,,The Age of Dinosaurs / Prehistoric Animals,en-gb,audio-play-educational,stock,,,1,0,0,1
10000016,The Jungle Book,disney-the-jungle-book,The Jungle Book,en-gb,audio-play-songs,stock,d1e7a79d-bf34-486a-8038-187bcbdd500e,https://tonies.com/en-gb/tonies/disney-the-jungle-book/the-jungle-book/,1,1,0,0
10000017,Cars,disney-cars,Cars,en-gb,audio-play-songs,stock,d64ecced-3227-4768-bdc6-7638967241af,https://tonies.com/en-gb/tonies/disney-cars/cars/,1,0,0,0
10000018,Disney,disney,The Little Mermaid,en-gb,audio-play-songs,stock,0cf4f3f5-0479-4834-a8e7-83a2041bc065,https://tonies.com/en-gb/tonies/disney/the-little-mermaid/,1,1,0,0
10000020,The Lion King,disney-the-lion-king,The Lion King,en-gb,audio-play-songs,stock,a28f7907-a83b-499e-8e34-189f271609f4,https://tonies.com/en-gb/tonies/disney-the-lion-king/the-lion-king/,1,1,0,0
10000022,Hully Boo Spook'n Spell,,Treasure hunt in the Museum / The Magic Championships,en-gb,audio-play,stock,,,1,1,0,0
10000120,Disney,disney,Aladdin,en-gb,audio-play-songs,stock,3fb45ef9-0171-4a9a-bfba-570427165486,https://tonies.com/en-gb/tonies/disney/aladdin/,1,0,0,0
10000124,St. Pauli Rabauken,,Entscheidung am Millerntor,de-de,audio-book,stock,,,1,1,0,0
10000135,Lieblings-Märchen,,Der gestiefelte Kater und vier weitere Märchen,de-de,audio-play,stock,,,1,1,0,0
10000149,Unser Sandmännchen,unser-sandmaennchen,Abends im Walde,de-de,audio-play-songs,stock,45826563-3309-4f93-b436-1996f5d0c54d,https://tonies.com/de-de/tonies/unser-sandmaennchen/abends-im-walde/,1,1,0,0
10000166,HOW AND WHY,,Whales and Dolphins / Secrets of the Deep Sea,en-gb,audio-play-educational,stock,,,1,0,0,0
10000210,Disney,disney,Mulan,en-gb,audio-play-songs,stock,ef321c83-b494-4a4d-a63b-336a9febc720,https://tonies.com/en-gb/tonies/disney/mulan/,1,0,0,0
10000225,Guess How Much I Love You,guess-how-much-i-love-you,Guess How Much I Love You,en-gb,audio-play-songs,stock,78e82d6a-bb4e-4616-9e77-d52ac2422a56,https://tonies.com/en-gb/tonies/guess-how-much-i-love-you/guess-how-much-i-love-you/,1,0,0,0
10000227,Maya The Bee,,The birth of Maya,en-gb,Audiobook,stock,,,1,0,0,0
10000245,Disney,disney,Cinderella,de-de,audio-play-songs,stock,9910e027-97fb-4312-81dd-9e0044a9ef4a,https://tonies.com/de-de/tonies/disney/cinderella/,1,2,0,0
10000273,Peter Rabbit,peter-rabbit,The Peter Rabbit Collection,en-gb,audio-book,stock,92b11bf7-5357-430b-bd4c-df794c197263,https://tonies.com/en-gb/tonies/peter-rabbit/the-peter-rabbit-collection/,1,1,0,0
10000274,Fun with Spot,fun-with-spot,Spot's Fun with Friends,en-gb,audio-play,stock,a544565f-6670-4cdc-b8d3-e0a06ef02591,https://tonies.com/en-gb/tonies/fun-with-spot/spots-fun-with-friends/,1,0,0,0
10000294,Disney,disney,Monsters Inc.,en-gb,audio-play-songs,stock,f58f0b13-7db5-40c5-aa07-1c72f683d4c9,https://tonies.com/en-gb/tonies/disney/monsters/,1,0,0,0
10000297,David Walliams,david-walliams-2,Hilarious Animal Adventures,en-gb,audio-book,stock,47f56cb2-6531-4fc5-b24d-4e3ce27b1a0c,https://tonies.com/en-gb/tonies/david-walliams-2/hilarious-animal-adventures/,1,0,0,1
10000311,Peppa Pig,peppa-pig-2,On the Road with Peppa Pig,en-gb,audio-play-songs,stock,245a4151-913a-460d-9819-2ab9ff88ef83,https://tonies.com/en-gb/tonies/peppa-pig/on-the-road-with-peppa-pig/,1,0,0,0
10000317,Diary of a Wimpy Kid,diary-of-a-wimpy-kid,Diary of a Wimpy Kid,en-gb,audio-book,stock,f3cb46d4-c01c-4ff9-89b3-f02876c4d198,https://tonies.com/en-gb/tonies/diary-of-a-wimpy-kid/diary-of-a-wimpy-kid/,1,0,0,0
10000335,Winnie the Pooh,disney-winnie-the-pooh,Winnie the Pooh,en-gb,audio-play,stock,53257ccb-f419-4861-a037-028f49d8046f,https://tonies.com/en-gb/tonies/disney-winnie-the-pooh/winnie-the-pooh/,1,1,0,0
10000336,Miffy,miffy,Miffy’s Adventures,en-gb,audio-play,stock,5e96fa44-c44b-45d1-8130-76baa52eae35,https://tonies.com/en-gb/tonies/miffy/miffys-adventures/,1,0,0,0
10000357,Shrek,shrek,Shrek,en-gb,audio-book,stock,0cacac68-2e72-463b-aa4b-f0a048bcf206,https://tonies.com/en-gb/tonies/shrek/shrek/,1,0,0,0
10000372,Disney,disney,101 Dalmatians,en-gb,audio-play-songs,stock,884cebdd-8c3b-4150-a47a-1a37fb4ece0f,https://tonies.com/en-gb/tonies/disney/disney-101-dalmatians/,1,0,0,0
10000375,Disney,disney,Brave,en-gb,audio-play-songs,stock,ac24dc84-db96-4309-b78c-4fd71d0a562f,https://tonies.com/en-gb/tonies/disney/brave/,1,0,0,0
10000380,Paddington Bear,paddington-bear,A bear called Paddington,en-gb,audio-book,stock,fcbf134b-2816-4b47-b6dd-89ba79ab50e8,https://tonies.com/en-gb/tonies/paddington-bear/a-bear-called-paddington/,1,0,0,1
10000408,Super Wings,super-wings,A World of Adventure,en-gb,audio-play,stock,cb5f3516-5196-4e60-acdd-03a69cb6a4da,https://tonies.com/en-gb/tonies/super-wings/a-world-of-adventure/,1,0,0,0
10000481,My Little Pony,my-little-pony,Sunny,en-gb,audio-play-songs,stock,9e913a3d-6f9d-4ded-8b4f-34665dfd6bbb,https://tonies.com/en-gb/tonies/my-little-pony/sunny/,1,0,0,0
10000485,Spirit,spirit,Spirit - Untamed,en-gb,audio-play,stock,54628d11-5b8f-4f7b-bd8b-c59b976f5430,https://tonies.com/en-gb/tonies/spirit/spirit/,1,0,0,0
10000496,Trolls,trolls,Trolls,en-gb,audio-play-songs,stock,c33009d1-b9a5-44ac-ae4f-1ccca17feebb,https://tonies.com/en-gb/tonies/trolls/trolls/,1,0,0,0
10000500,Sesame Street,sesame-street,Cookie Monster,en-gb,audio-play-songs,stock,54f81df3-2841-467d-b097-99bc669f10cc,https://tonies.com/en-gb/tonies/sesame-street/cookie-monster/,1,0,0,0
10000510,Disney,,Frozen: Elsa,en-us,Tonie,stock,5519647244439,,1,0,0,0
10000511,Disney & Pixar,,Toy Story: Woody,en-us,Tonie,stock,5519373369495,,1,0,0,0
10000512,Disney,,Cinderella,en-us,Tonie,stock,5519095791767,,1,0,0,0
10000513,Disney & Pixar,,Finding Nemo,en-us,Tonie,stock,5519143960727,,1,0,0,0
10000577,Moana,disney-moana,Moana,en-gb,audio-play-songs,stock,547dc87c-1ecd-44a3-b7a1-203a236da545,https://tonies.com/en-gb/tonies/disney-moana/moana/,1,1,0,0
10000608,Octonauts,octonauts,Captain Barnacles,en-gb,audio-play-songs,stock,84096624-658b-47ed-aa4f-c955f01bda17,https://tonies.com/en-gb/tonies/octonauts/octonauts/,1,0,0,0
10000658,Disney,,Brave,en-gb,audio-play-songs,stock,,,1,0,0,0
10000684,Disney,disney,Toy Story 2,en-gb,audio-play-songs,stock,488322c0-650a-4d10-8d59-3640fdaef953,https://tonies.com/en-gb/tonies/disney/toy-story-2/,1,0,0,0
10000685,Disney & Pixar,,Toy Story 2: Buzz Lightyear,en-us,Tonie,stock,7223047848087,,1,0,0,0
10000688,Disney,disney,The Princess and the Frog,en-gb,audio-play-songs,stock,c14bced7-de8e-4192-a51b-792747a3ea80,https://tonies.com/en-gb/tonies/disney/the-princess-and-the-frog/,1,0,0,0
10000690,Disney,disney,Tangled,en-gb,audio-play-songs,stock,968aba4a-efa1-407e-b262-75d0c48413b4,https://tonies.com/en-gb/tonies/disney/tangled/,1,0,0,0
10000692,Disney,disney,Mickey and Friends,en-gb,audio-book,stock,c1688ad1-0e59-4185-a4e8-95dcccb1a8b5,https://tonies.com/en-gb/tonies/disney/mickey-and-friends/,1,0,0,0
10000696,Der kleine Wassermann,der-kleine-wassermann,Der kleine Wassermann (Neuauflage 2022),de-de,audio-play,stock,3393ed18-f649-44dc-b56d-96d4d582947d,https://tonies.com/de-de/tonies/der-kleine-wassermann/der-kleine-wassermann-neuauflage-2022/,1,1,0,0
10000698,Das kleine Gespenst,das-kleine-gespenst,Das kleine Gespenst (Neuauflage 2022),de-de,audio-play,stock,9e74ecc7-ae82-45de-a769-4e80e5eaaa29,https://tonies.com/de-de/tonies/das-kleine-gespenst/das-kleine-gespenst-neuauflage-2022/,1,1,0,1
10000699,SpongeBob SquarePants,spongebob-squarepants,SpongeBob SquarePants,en-gb,audio-play-songs,stock,7f4df96e-6054-4c1d-af9c-a96f5b44f6db,https://tonies.com/en-gb/tonies/spongebob-squarepants/spongebob-squarepants/,1,0,0,0
10000705,Sesame Street,sesame-street,Elmo,en-gb,audio-play-songs,stock,c008eeb6-dbac-49af-b247-a0709acf4b9e,https://tonies.com/en-gb/tonies/sesame-street/elmo/,1,0,0,0
10000710,PJ Masks,pj-masks,Owlette,en-gb,audio-play,stock,1447b567-6e07-42cc-8a3c-38d7a69f3185,https://tonies.com/en-gb/tonies/pj-masks/owlette/,1,1,0,0
10000725,PJ Masks,pj-masks,Catboy,en-gb,audio-play,stock,906093f0-f2e0-4505-a98d-0e620e6100cb,https://tonies.com/en-gb/tonies/pj-masks/catboy/,1,0,0,0
10000728,PJ Masks,pj-masks,Gekko,en-gb,audio-play,stock,319804c0-453f-480e-a48d-3a81f06f5979,https://tonies.com/en-gb/tonies/pj-masks/gekko/,1,0,0,0
10000826,Nap Time,nap-time,White Noise,en-gb,music,stock,0efb88a8-ffb9-4772-a880-3e3af0d5fd60,https://tonies.com/en-gb/tonies/nap-time/white-noise/,1,0,0,0
10000827,Nap Time,nap-time,Nature Sounds,en-gb,music,stock,8ba709da-e610-402f-b28f-b57f6cc55abf,https://tonies.com/en-gb/tonies/nap-time/nature-sounds/,1,0,0,0
10000837,Blue's Clues,blue-s-clues,Blue's Clues and You,en-gb,audio-play-songs,stock,9cf93438-13a0-4162-acf5-3793fa0ef379,https://tonies.com/en-gb/tonies/blue-s-clues/blues-clues-and-you/,1,0,0,0
10000839,Disney,disney,Cars 2,en-gb,audio-play-songs,stock,5e2df981-ee5c-4111-b0de-868662ea4ed6,https://tonies.com/en-gb/tonies/disney/cars-2/,1,0,0,0
10000840,The Elf on the Shelf,the-elf-on-the-shelf-2,The Elf on the Shelf,en-gb,audio-book-songs,stock,c4d1b66d-4955-4f25-b24d-30bf7908a6f9,https://tonies.com/en-gb/tonies/the-elf-on-the-shelf/the-elf-on-the-shelf/,1,1,0,0
10000858,La Reine Des Neiges,disney-frozen,La Reine Des Neiges,fr-fr,audio-play-songs,stock,8fcd15ed-3848-41e0-bc08-e6ed53290266,https://tonies.com/fr-fr/tonies/disney-la-reine-des-neiges/la-reine-des-neiges/,1,0,0,0
10000860,Le Monde De Nemo,disney-finding-nemo,Le Monde de Nemo,fr-fr,audio-play,stock,393898d2-0aad-4838-b188-c1f180748fe7,https://tonies.com/fr-fr/tonies/disney-le-monde-de-nemo/le-monde-de-nemo/,1,0,0,0
10000862,Cars,disney-cars,Cars,fr-fr,audio-play,stock,51f37e39-b99e-49f8-b5e9-c6b8d56f27e9,https://tonies.com/fr-fr/tonies/disney-cars/cars/,1,1,0,0
10000865,Le Livre De La Jungle,disney-the-jungle-book,Le Livre De La Jungle,fr-fr,audio-play-songs,stock,5f3b8601-90e7-4724-afef-3994c1db4665,https://tonies.com/fr-fr/tonies/disney-le-livre-de-la-jungle/le-livre-de-la-jungle/,1,1,0,0
10000866,Le Roi Lion,disney-the-lion-king,Le Roi Lion,fr-fr,audio-play-songs,stock,607a5048-89ce-43a2-96dd-cdedee0b2e23,https://tonies.com/fr-fr/tonies/disney-le-roi-lion/le-roi-lion/,1,1,0,0
10000889,Tee and Mo,tee-and-mo,Tee and Mo,en-gb,audio-play,stock,de0cb8a4-8465-438c-8520-9d7df77d9122,https://tonies.com/en-gb/tonies/tee-and-mo/tee-and-mo/,1,0,0,0
10000907,Der kleine Nick,nick-2,Der kleine Nick ist der Beste,de-de,audio-book,stock,640b57a8-8ca2-44cd-bb0d-d6823d43e8c7,https://tonies.com/de-de/tonies/der-kleine-nick/der-kleine-nick-ist-der-beste/,1,1,0,0
10000929,My Little Pony,my-little-pony,My Little Pony - Das Original-Hörspiel zum Film,de-de,audio-play,stock,c3c466fb-2379-4167-8dd0-6d2815abe5e7,https://tonies.com/de-de/tonies/my-little-pony/my-little-pony-das-original-hrspiel-zum-film/,1,1,0,0
10000935,Disney,disney,Fantasia,en-gb,audio-play-songs,stock,04299db4-54e4-40f2-a36b-405651bf3e84,https://tonies.com/en-gb/tonies/disney/fantasia/,1,0,0,0
10000940,Roald Dahl,roald-dahl,James and the Giant Peach,en-gb,audio-book,stock,c8eabd6e-330a-47e2-bc29-a7997cae2753,https://tonies.com/en-gb/tonies/roald-dahl/james-and-the-giant-peach/,1,0,0,0
10000942,DC,dc,Batman,en-gb,audio-play,stock,8a182795-0faf-40e5-a0e7-0fc50112eae7,https://tonies.com/en-gb/tonies/dc/batman/,1,0,0,0
10000943,The Very Hungry Caterpillar,hungry-caterpillar-us,The Very Hungry Caterpillar and Friends,en-gb,audio-book,stock,37121609-e984-4871-82ec-54ade017fd67,https://tonies.com/en-gb/tonies/the-very-hungry-caterpillar/the-world-of-eric-carle-the-very-hungry-caterpillar-uk/,1,0,0,0
10000944,We're Going on a Bear Hunt,bear-hunt-us,We're Going on a Bear Hunt,en-gb,audio-play-songs,stock,afb27a01-5e0b-45e2-944a-b77b52e4aa30,https://tonies.com/en-gb/tonies/we-re-going-on-a-bear-hunt/were-going-on-a-bear-hunt/,1,0,0,0
10000997,Peppa Pig,peppa-pig-2,Die schönsten Geschichten von Schorsch,de-de,audio-play,stock,5145595b-fe7f-4fc7-b465-931285fd0c67,https://tonies.com/de-de/tonies/peppa-pig/die-schoensten-geschichten-von-schorsch/,1,1,0,0
10001010,Aladdin,disney-aladdin,Aladdin,fr-fr,audio-play-songs,stock,9473a217-b174-49af-abca-df2ffb3f10fe,https://tonies.com/fr-fr/tonies/disney-aladdin/aladdin/,1,1,0,0
10001012,Disney,disney,La Princesse Et La Grenouille,fr-fr,audio-play-songs,stock,ce8463ff-9a07-427f-9076-817b96e99eaf,https://tonies.com/fr-fr/tonies/disney/la-princesse-et-la-grenouille/,1,0,0,0
10001016,C'Est Toujours Pas Sorcier,c-est-toujours-pas-sorcier,Sur Les Traces Des Dinosaures,fr-fr,audio-play-educational,stock,a5433bd6-3436-4dbb-aa0c-3e36b239f155,https://tonies.com/fr-fr/tonies/c-est-toujours-pas-sorcier/sur-les-traces-des-dinosaures/,1,0,0,0
10001035,Favourite Tales,favourite-tales,Little Red Riding Hood (relaunch),en-gb,audio-book,stock,b2592527-aea2-4ef8-b826-e630ef946737,https://tonies.com/en-gb/tonies/favourite-tales/little-red-riding-hood-relaunch/,1,0,0,1
10001082,The Pout-Pout Fish,,,en-us,Tonie,stock,8210621038743,,1,0,0,1
10001098,Octonauts,octonauts,Kwazii,en-gb,audio-play-songs,stock,667edc9e-ca10-456b-b486-6ce3375b2cdc,https://tonies.com/en-gb/tonies/octonauts/kwazii/,1,0,0,0
10001104,Cendrillon,disney-cinderella,Cendrillon,fr-fr,audio-play-songs,stock,843fc10b-e16e-4ee2-a8e1-1a187a2dd895,https://tonies.com/fr-fr/tonies/disney-cendrillon/cendrillon/,1,0,0,0
10001106,Lieblings-Kinderlieder,lieblings-kinderlieder,Kindergartenlieder,de-de,music,stock,96c17f7f-7521-4af3-b22f-ab9faa080e68,https://tonies.com/de-de/tonies/lieblings-kinderlieder/kindergartenlieder-neuauflage-2022/,1,1,0,0
10001212,Bitte nicht öffnen,bitte-nicht-oeffnen,Bissig!,de-de,audio-book,stock,167c8da9-8cb1-44b2-a66b-8bde0380950c,https://tonies.com/de-de/tonies/bitte-nicht-oeffnen/bissig/,1,1,0,0
10001220,Les 101 Dalmatiens,disney-101-dalmatians,Les 101 Dalmatiens,fr-fr,audio-play-songs,stock,bb3d5f35-347f-4e04-8478-44ac94e99926,https://tonies.com/fr-fr/tonies/disney-les-101-dalmatiens/les-101-dalmatiens/,1,0,0,0
10001227,Roald Dahl,,Revolting Rhymes,en-us,Tonie,stock,8041066135703,,1,0,0,0
10001231,Peppa Pig,peppa-pig,George Pig,en-gb,audio-play,stock,cb1db431-ea37-4502-b206-d11288d30da8,https://tonies.com/en-gb/tonies/peppa-pig/george-pig/,1,0,0,0
10001232,Roald Dahl,roald-dahl,The Witches,en-gb,audio-book,stock,d48cce5c-77a5-4e7e-a299-6e4c8e9fada7,https://tonies.com/en-gb/tonies/roald-dahl/roald-dahl-the-witches/,1,0,0,0
10001234,Eloise,eloise,Eloise Audio Collection,en-gb,audio-play,stock,62f735e4-7a89-47e1-8b92-ee62d5c76248,https://tonies.com/en-gb/tonies/eloise/eloise-audio-collection/,1,0,0,0
10001236,Rachel Bright Series,rachel-bright-series,The Lion Inside,en-gb,audio-play-songs,stock,d37e367f-f2db-423a-83b2-b2a13073eca9,https://tonies.com/en-gb/tonies/rachel-bright-series/the-lion-inside/,1,0,0,0
10001247,L'Heure De La Sieste,l-heure-de-la-sieste,Bruit Blanc,fr-fr,music,stock,8476f287-de40-4ee7-8919-b7798a4c4b41,https://tonies.com/fr-fr/tonies/l-heure-de-la-sieste/bruit-blanc/,1,0,0,0
10001249,National Geographic Kids,national-geographic-kids,Penguin,en-gb,audio-play-educational,stock,2a839c5f-4d24-4e01-bfbc-59c00554151b,https://tonies.com/en-gb/tonies/national-geographic-kids/penguin/,1,0,0,0
10001261,C'Est Toujours Pas Sorcier,c-est-toujours-pas-sorcier,Plongée Dans Les Océans,fr-fr,audio-play-educational,stock,eec0c5c9-e292-4d0a-b48a-eec64d447cc8,https://tonies.com/fr-fr/tonies/c-est-toujours-pas-sorcier/plongee-dans-les-oceans/,1,0,0,0
10001262,C'Est Toujours Pas Sorcier,c-est-toujours-pas-sorcier,Les Secrets De L'Espace,fr-fr,audio-play-educational,stock,f0f0f01e-7fe2-4b10-beab-f6fd0f645a29,https://tonies.com/fr-fr/tonies/c-est-toujours-pas-sorcier/les-secrets-de-l-espace/,1,0,0,0
10001266,La Pat' Patrouille,paw-patrol,Stella,fr-fr,audio-play,stock,464a08bb-7421-4ae0-a113-42f57c19142d,https://tonies.com/fr-fr/tonies/la-pat-patrouille/stella/,1,0,0,1
10001268,Peppa Pig,peppa-pig,George,fr-fr,audio-play,stock,c635652d-7763-4d14-a3fc-737c6f73e066,https://tonies.com/fr-fr/tonies/peppa-pig/george/,1,0,0,0
10001281,Petit Ours Brun,petit-ours-brun-2,Petit Ours Brun (Vol. 1),fr-fr,audio-book,stock,904745eb-ce4f-4682-a39a-f2c3588fb2b4,https://tonies.com/fr-fr/tonies/petit-ours-brun/petit-ours-brun/,1,0,0,0
10001283,Molang,molang,Molang,fr-fr,audio-play,stock,3a221db1-2e9d-47aa-b27d-3dfc5d974ba9,https://tonies.com/fr-fr/tonies/molang/molang/,1,0,0,1
10001287,Joyeuses Fêtes Avec Olaf,disney-olafs-frozen-adventure,Joyeuses Fêtes Avec Olaf,fr-fr,audio-play-songs,stock,73ede02d-f524-412d-b675-0d5091abd561,https://tonies.com/fr-fr/tonies/disney-la-reine-des-neiges-joyeuses-fetes-avec-olaf/joyeuses-fetes-avec-olaf/,1,0,0,0
10001289,L'École Des Loisirs,lecole-des-loisirs,Florilège D'Émotions,fr-fr,audio-book,stock,0786119f-2dae-48b5-b2f7-6fb1ab10e6ea,https://tonies.com/fr-fr/tonies/l-ecole-des-loisirs/florilege-d-emotions/,1,0,0,0
10001309,Disney,disney,Olaf's Frozen Adventure,en-gb,audio-play-songs,stock,399905e2-2513-45ff-959e-e0a955021b8e,https://tonies.com/en-gb/tonies/disney/olafs-frozen-adventure/,1,0,0,0
10001310,National Geographic Kids,national-geographic-kids,Horse,en-gb,audio-play,stock,43b50845-bb90-4599-9b18-12592e17f313,https://tonies.com/en-gb/tonies/national-geographic-kids/horse-uk/,1,0,0,1
10001311,Sleepy Friends,sleepy-friends,Lullaby Melodies with Sleepy Sheep,en-gb,audio-book,stock,0b7755cc-cd79-4a82-aabc-5aa90927b773,https://tonies.com/en-gb/tonies/sleepy-friends/lullaby-melodies-with-sleepy-sheep/,1,0,0,0
10001313,Marvel,marvel-2,Spidey & His Amazing Friends: Spidey,en-gb,audio-play-songs,stock,a3707d68-5477-472d-b2ce-d3b34a208697,https://tonies.com/en-gb/tonies/marvel/spidey-his-amazing-friends-spidey/,1,0,0,0
10001314,Roald Dahl,roald-dahl,Matilda,en-gb,audio-book,stock,dfaa869e-bb74-460d-a034-aab4ca9e1539,https://tonies.com/en-gb/tonies/roald-dahl/matilda/,1,0,0,0
10001315,Giraffes Can't Dance,giraffes-can-t-dance,Giraffes Can't Dance,en-gb,audio-book,stock,78f480fc-db15-4718-a3a1-b424a70f4c3c,https://tonies.com/en-gb/tonies/giraffes-can-t-dance/giraffes-cant-dance/,1,0,0,0
10001316,National Geographic Kids,national-geographic-kids,Dinosaur,en-gb,audio-play-educational,stock,4b0e863e-49f1-4d3e-ab61-0bf13ac045fb,https://tonies.com/en-gb/tonies/national-geographic-kids/dinosaur/,1,0,0,0
10001318,National Geographic Kids,national-geographic-kids,Astronaut,en-gb,audio-play,stock,a7fdfa72-a9c0-4429-91c2-52e85a2739da,https://tonies.com/en-gb/tonies/national-geographic-kids/astronaut/,1,0,0,0
10001322,DC,dc,Wonder Woman,en-gb,audio-play,stock,a25e821d-e17f-4dc3-be33-e8c51fe201c9,https://tonies.com/en-gb/tonies/dc/wonder-woman/,1,0,0,0
10001329,Schlummerbande,sleepy-friends,"Gutenachtgeschichten - Schlaf schön, kleiner Schlummerbär",de-de,audio-book,stock,7c87f25c-66e2-458f-9414-b6b197fa036a,https://tonies.com/de-de/tonies/schlummerbande/gutenachtgeschichten-schlaf-schoen-kleiner-baer/,1,1,0,0
10001331,Lieblings-Kinderlieder,lieblings-kinderlieder,Spiel- und Bewegungslieder 2 (Neuauflage 2023),de-de,music,stock,80e23f23-2457-4290-ba65-656824a199b1,https://tonies.com/de-de/tonies/lieblings-kinderlieder/spiel-und-bewegungslieder-2-relaunch/,1,1,0,1
10001340,Sleepy Friends,sleepy-friends,Bedtime Stories with Sleepy Bear,en-gb,audio-book,stock,bcec13cb-2320-4ef8-a210-657aa394b4fa,https://tonies.com/en-gb/tonies/sleepy-friends/bedtime-stories-with-sleepy-bear/,1,0,0,0
10001349,Les Copains Du Dodo,sleepy-friends,Doudou Mouton,fr-fr,music,stock,ce11f0b3-a483-4c3f-8117-2cf11d231b74,https://tonies.com/fr-fr/tonies/les-copains-du-dodo/doudou-mouton/,1,1,0,0
10001366,GoNoodle x tonies® Mindfulness,,,en-us,Tonie,stock,6664641773719,,1,1,0,0
10001374,Hey Duggee,hey-duggee,Hey Duggee,en-gb,audio-play,stock,d7f53d5c-784c-481f-a15e-24971f06a191,https://tonies.com/en-gb/tonies/hey-duggee/hey-duggee/,1,0,0,0
10001377,Lieblings-Märchen,lieblings-maerchen,Rapunzel (Neuauflage 2023),de-de,audio-play,stock,92595e81-6704-4bb4-b4f3-5af0b2fea623,https://tonies.com/de-de/tonies/lieblings-maerchen/rapunzel-neuauflage-2023/,1,1,0,0
10001388,Cocomelon,cocomelon,CoComelon,en-gb,music,stock,f1ddb020-6f2f-4215-852d-40eb20096b1f,https://tonies.com/en-gb/tonies/cocomelon/cocomelon/,1,0,0,0
10001397,Schlummerbande,sleepy-friends,"Klassik zum Einschlafen - Träum schön, kleiner Schlummerhase",de-de,music,stock,c8225280-653e-4fa8-904c-566735f77a39,https://tonies.com/de-de/tonies/schlummerbande/klassik-zum-einschlafen-trum-schn-kleiner-schlummerhase/,1,1,0,0
10001398,Super Wings,super-wings,Feuer im Wald,de-de,audio-play,stock,07e14381-a6ea-473b-851c-8c610e97fc75,https://tonies.com/de-de/tonies/super-wings/feuer-im-wald/,1,1,0,0
10001406,Mouk,mouk,Découvre Le Monde Avec Mouk,fr-fr,audio-play,stock,cb8635f6-d118-4ff8-923c-efa46197a79e,https://tonies.com/fr-fr/tonies/mouk/decouvre-le-monde-avec-mouk/,1,0,0,0
10001408,Contes Du Monde,contes-du-monde,Afrique De L'Ouest,fr-fr,audio-book,stock,e8abdc4f-8c26-4912-989d-d0f4fd761dbb,https://tonies.com/fr-fr/tonies/contes-du-monde/afrique-de-l-ouest/,1,0,0,0
10001471,Lieblings-Klassiker,mes-classiques-preferes,Pinocchio (Neuauflage 2024),de-de,audio-book,stock,e8049cc1-19c0-4dc6-a1fe-e5c8a41f4eca,https://tonies.com/de-de/tonies/lieblings-klassiker/pinocchio-neuauflage-2024/,1,0,0,0
10001475,Winnie L'Ourson,disney-winnie-the-pooh,Winnie L'Ourson,fr-fr,audio-play-songs,stock,799ac6f2-89f7-4b5b-b60a-014ae758f218,https://tonies.com/fr-fr/tonies/disney-winnie-lourson/winnie-l-ourson/,1,0,0,0
10001476,Mickey Et Ses Amis,disney-mickey-mouse-friends,Vol À Bord De L'Overland Express : Mystères Sur Les Rails,fr-fr,audio-play,stock,18cbd060-3238-4c62-9351-5697d3fa3f9d,https://tonies.com/fr-fr/tonies/disney-mickey-et-ses-amis/vol-a-bord-de-l-overland-express-mystere-sur-les-rails/,1,0,0,0
10001479,Masha Et Michka,mascha-und-der-bar,Masha,fr-fr,audio-play-songs,stock,d1b4b1df-462f-480b-8b51-0e51dd40d037,https://tonies.com/fr-fr/tonies/masha-et-michka/masha/,1,0,0,0
10001482,Club Écolo,club-ecolo,Sauvetages en Terre !,fr-fr,audio-play,stock,7bf5eeb6-1e86-4986-ab39-f7e652f30b5d,https://tonies.com/fr-fr/tonies/club-ecolo/sauvetages-en-terre/,1,0,0,0
10001484,Lieblings-Märchen,lieblings-marchen,Rotkäppchen (Neuauflage 2023),de-de,audio-book,stock,231a87e1-6a25-4e2f-ba6e-1a886c7c577d,https://tonies.com/de-de/tonies/lieblings-maerchen/rotkppchen-neuauflage-2023/,1,1,0,0
10001485,Disney,disney,Buh machst du! & 3 weitere Geschichten,de-de,audio-play,stock,85a858dd-5d83-473b-bf02-bbceabc2dfa6,https://tonies.com/de-de/tonies/disney/buh-machst-du-3-weitere-geschichten/,1,1,0,0
10001486,Ich - einfach unverbesserlich,ich-einfach-unverbesserlich,Ich – Einfach unverbesserlich 4,de-de,audio-play,stock,0c7c9780-a9e1-4e60-96d2-4de9b269d1f5,https://tonies.com/de-de/tonies/ich-einfach-unverbesserlich/ich-einfach-unverbesserlich-4/,1,0,0,0
10001496,Ma Pause Zen,ma-pause-zen,Cours Yoga De Sergio Lama,fr-fr,audio-play,stock,dcb58b8b-ee27-467f-a584-9ec14b1655a0,https://tonies.com/fr-fr/tonies/ma-pause-zen/cours-yoga-de-sergio-lama/,1,0,0,0
10001502,Disney,disney,Mulan,fr-fr,audio-play-songs,stock,1736ecb5-2f5d-4ef3-bc8e-4b4ae7760da3,https://tonies.com/fr-fr/tonies/disney/mulan/,1,0,0,0
10001505,Molang,molang,Molang 2,fr-fr,audio-play,stock,31332cee-e470-43ab-960b-34ec742b6a03,https://tonies.com/fr-fr/tonies/molang/molang-2/,1,0,0,1
10001509,Simon,simon,Superlapin,fr-fr,audio-play,stock,012b1581-0108-4d5b-a9e5-d6c5a4f63e10,https://tonies.com/fr-fr/tonies/simon/superlapin/,1,0,0,0
10001516,Marvel,marvel,Spidey & His Amazing Friends: Black Panther,en-gb,audio-play,stock,cd8459d2-6abc-494c-ac40-dc911fd0a653,https://tonies.com/en-gb/tonies/marvel/spidey-his-amazing-friends-black-panther/,1,0,0,0
10001517,Disney,disney,Lilo & Stitch,en-gb,audio-book,stock,69f2cce3-034f-4f14-b5f2-99cf5aa3cef1,https://tonies.com/en-gb/tonies/disney/lilo-stitch/,1,0,0,0
10001518,Gabby's Dollhouse,gabby-s-dollhouse,Gabby's Dollhouse,en-gb,audio-play-songs,stock,8b783a13-9ba8-49ed-bf24-05a848629f5d,https://tonies.com/en-gb/tonies/gabby-s-dollhouse/gabbys-dollhouse/,1,1,0,0
10001588,Les Copains Du Dodo,sleepy-friends,Doudou Nounours,fr-fr,audio-play,stock,b32e297f-191e-4b8f-afbc-7067b5ebe8ef,https://tonies.com/fr-fr/tonies/les-copains-du-dodo/doudou-nounours/,1,0,0,0
10001589,Ma Pause Zen,ma-pause-zen,Séances Méditatives De Max Larelax,fr-fr,audio-book,stock,b338ac50-ea5c-4973-b479-f1615829cef0,https://tonies.com/fr-fr/tonies/ma-pause-zen/seances-meditatives-de-max-larelax/,1,0,0,0
10001650,Angelina Ballerina,angelina-ballerina,Angelina Ballerina,en-gb,audio-book,stock,9fa43d8f-828f-4117-80ed-fbc18169dd1d,https://tonies.com/en-gb/tonies/angelina-ballerina/angelina-ballerina/,1,0,0,1
10001651,Paw Patrol,paw-patrol,Rubble,en-gb,audio-play,stock,93eb1645-25e5-4c76-bd6d-91ff0503bf52,https://tonies.com/en-gb/tonies/paw-patrol/rubble/,1,0,0,0
10001657,Les Copains Du Dodo,sleepy-friends,Doudou Lapinou,fr-fr,music,stock,faac4e19-c7b9-4b48-b1a7-29dccb8b269c,https://tonies.com/fr-fr/tonies/les-copains-du-dodo/doudou-lapinou/,1,0,0,0
10001660,Les Contes Déglingués,les-contes-deglingues-2,Du Grand Méchant Loup,fr-fr,audio-play,stock,b718f578-8a54-4cc4-8415-e6682caa08f6,https://tonies.com/fr-fr/tonies/les-contes-deglingues/du-grand-mechant-loup/,1,0,0,0
10001661,La Pat' Patrouille,paw-patrol,Ruben,fr-fr,audio-play,stock,21e72def-75cd-42cd-bc9d-f02e4b5d9dbf,https://tonies.com/fr-fr/tonies/la-pat-patrouille/ruben/,1,0,0,0
10001664,Clem & Pathie,clem-pathie,Les Super-Sensibles,fr-fr,audio-play-songs,stock,88e13e68-149c-46e8-aea1-1971985459f7,https://tonies.com/fr-fr/tonies/clem-pathie/les-super-sensibles/,1,0,0,0
10001674,Spidey Et Ses Amis Extraordinaires,marvel-spidey-and-his-amazing-friends,Spidey,fr-fr,audio-play-songs,stock,78c524ce-a4c1-45fe-b515-cfd762894a5e,https://tonies.com/fr-fr/tonies/spidey-et-ses-amis-extraordinaires/spidey/,1,0,0,0
10001675,"Furzipups, der Knatterdrache",furzipups-der-knatterdrache,Furzipups - 3 Geschichten und 6 Songs,de-de,audio-play-songs,stock,58e1a649-d43d-4d27-8687-049bbd2b4df2,https://tonies.com/de-de/tonies/furzipups-der-knatterdrache/furzipups-3-geschichten-und-6-songs/,1,1,0,0
10001682,Jurassic World: Neue Abenteuer,jurassic-world-neue-abenteuer,Folge 1: Camp Kreidezeit / Geheimnisse,de-de,audio-play,stock,0b04a420-354b-4ff4-bada-ffbe8cf8edf9,https://tonies.com/de-de/tonies/jurassic-world-neue-abenteuer/folge-1-camp-kreidezeit-geheimnisse/,1,0,0,0
10001690,Peppa Pig,peppa-pig-2,Gute-Nacht Geschichten mit Peppa,de-de,audio-play,stock,da3eeda1-394f-4dec-b23a-f6f0e14e8dd0,https://tonies.com/de-de/tonies/peppa-pig/gute-nacht-geschichten-mit-peppa/,1,1,0,1
10001724,Club Écolo,club-ecolo,Sauvetages En Mer !,fr-fr,audio-play,stock,5fc8a845-873d-4bec-b5b7-b1b91ee10e3c,https://tonies.com/fr-fr/tonies/club-ecolo/sauvetages-en-mer/,1,0,0,0
10001797,Steiff Soft Cuddly Friends,steiff-soft-cuddly-friends-mit-hoerspiel,Hoppie Rabbit,en-gb,audio-play,stock,feab76bc-fa31-416c-975b-3f640eacfdfb,https://tonies.com/en-gb/tonies/steiff-soft-cuddly-friends-mit-hoerspiel/hoppie-rabbit/,1,0,0,0
10001798,Steiff Soft Cuddly Friends,steiff-soft-cuddly-friends-mit-hoerspiel,Jimmy Bear,en-gb,audio-play,stock,30fa74a8-268a-47f4-a116-007cde365fd6,https://tonies.com/en-gb/tonies/steiff-soft-cuddly-friends-mit-hoerspiel/jimmy-bear/,1,0,0,0
10001829,Favourite Classics,favourite-classics,A Christmas Carol and other classic stories (2024 edition),en-gb,audio-book,stock,c299efcb-ad6a-415e-a00d-66d8921c2aed,https://tonies.com/en-gb/tonies/favourite-classics/a-christmas-carol-and-other-stories/,1,0,0,0
10001875,Disney,disney,Sleeping Beauty,en-gb,audio-play-songs,stock,4ebac6dc-cb0d-4a63-8117-f4dcdb5f1555,https://tonies.com/en-gb/tonies/disney/sleeping-beauty/,1,1,0,0
10001877,Conservation Crew,conservation-crew,Rescues at Sea with Bobby the Sea Turtle,en-gb,audio-play,stock,b8bce442-6926-434a-98a3-42050c2ec09a,https://tonies.com/en-gb/tonies/conservation-crew/rescues-at-sea-with-bobby-the-sea-turtle/,1,0,0,0
10001878,Conservation Crew,conservation-crew,Land Rescues with Nina the Red Panda,en-gb,audio-play,stock,1c8caa1f-6769-445c-b770-bc9d72469744,https://tonies.com/en-gb/tonies/conservation-crew/land-rescues-with-nina-the-red-panda/,1,0,0,0
10001879,Peppa Pig,peppa-pig-2,Peppa's Bedtime Stories,en-gb,audio-play,stock,4941fa15-91d6-465a-9138-b7c037c2391d,https://tonies.com/en-gb/tonies/peppa-pig/peppas-bedtime-stories/,1,0,0,0
10001880,Disney,disney,The Incredibles,en-gb,audio-play,stock,82bce644-230b-4271-a6c7-683329eeb30f,https://tonies.com/en-gb/tonies/disney/the-incredibles/,1,0,0,0
10001901,Séléna Sans Chichis Ni Tralala,selena-sans-chichis-ni-tralala,Plongée Insolite Dans Moby Dick,fr-fr,audio-play-songs,stock,15772168-b7eb-43d1-bc22-7539315ded9a,https://tonies.com/fr-fr/tonies/selena-sans-chichis-ni-tralala/plongee-insolite-dans-moby-dick/,1,0,0,0
10001905,Peppa Pig,peppa-pig-2,Histoires Du Soir,fr-fr,audio-play,stock,1bbe5e06-c7d1-4909-a4eb-ff466dd7bd62,https://tonies.com/fr-fr/tonies/peppa-pig/histoires-du-soir/,1,0,0,0
10001917,Simon,simon,Capitaine Lapin,fr-fr,audio-play,stock,aa3825eb-d215-4c36-ad4d-5c58a18884ce,https://tonies.com/fr-fr/tonies/simon/capitaine-lapin/,1,0,0,0
10001924,Madagascar,madagascar,Madagascar,de-de,audio-play,stock,f3516f00-a2eb-403d-8761-eb6cae24bb70,https://tonies.com/de-de/tonies/madagascar/madagascar/,1,0,0,0
10001925,Les Schtroumpfs,die-schlumpfe,Les Schtroumpfs Olympiques Et 2 Autres Histoires,fr-fr,audio-play,stock,805a6467-0889-40d0-bcee-c20f96bc9829,https://tonies.com/fr-fr/tonies/les-schtroumpfs/les-schtroumpfs-olympiques-et-2-autres-histoires/,1,0,0,0
10001930,Favourite Children's Songs,favourite-children-s-songs,Healthy Habits,en-gb,music,stock,a796431c-7058-4c24-b64c-f30cae164a15,https://tonies.com/en-gb/tonies/favourite-children-s-songs/healthy-habits/,1,0,0,0
10001936,Disney,disney,Tinkerbell,en-gb,audio-play,stock,4eb447f9-452b-4e71-9234-c299768bc430,https://tonies.com/en-gb/tonies/disney/tinkerbell/,1,0,0,0
10001953,Les Sisters,les-sisters,Wendy,fr-fr,audio-play,stock,cc93a515-7f79-451d-a448-18089c3427ae,https://tonies.com/fr-fr/tonies/les-sisters/wendy/,1,0,0,0
10001957,Scooby-Doo!,scooby,Scooby-Doo,fr-fr,audio-play,stock,c6e7794a-1780-472e-9361-55cdacebd2ee,https://tonies.com/fr-fr/tonies/scooby-doo/scooby-doo/,1,0,0,0
10001959,Les Sisters,les-sisters,Marine,fr-fr,audio-play,stock,622ae43e-da92-42e0-ab2f-2c0091972558,https://tonies.com/fr-fr/tonies/les-sisters/marine/,1,0,0,0
10002000,Karmas Welt,karmas-welt,Karmas Welt,de-de,audio-play-songs,stock,f86cfd35-5809-4af6-800e-64fb0c3db67c,https://tonies.com/de-de/tonies/karmas-welt/karmas-welt/,1,1,0,0
10002003,Lieblings-Märchen,lieblings-maerchen,Der gestiefelte Kater (Neuauflage 2023),de-de,audio-book,stock,0ffc4b6f-6711-49fd-ad6e-c33281dd6de9,https://tonies.com/de-de/tonies/lieblings-maerchen/lieblingsmarchen-der-gestiefelte-kater-neuauflage-2023/,1,1,0,0
10002022,Conni,conni,Conni backt Pizza / Conni lernt Rad fahren,de-de,audio-play,stock,bf2b0a26-c326-43c0-ad60-1d476e3cfb69,https://tonies.com/de-de/tonies/conni/conni-backt-pizza-conni-lernt-rad-fahren/,1,0,0,0
10002023,Secret Science Club,secret-science-club,"Secret Science Club: Abwehrstark - Rund um Viren, Abwehrkräfte und Immunhelfer! mit Özlem & Ugur",de-de,audio-play,stock,78ad5a7d-5960-4000-9234-1544289da82f,https://tonies.com/de-de/tonies/secret-science-club/secret-science-club-abwehrstark/,1,1,0,0
10002041,Roald Dahl,,The Enormous Crocodile & Other Animal Stories,en-us,Tonie,stock,8016778395799,,1,0,0,0
10002051,Disney,disney,Tigger,en-gb,audio-play,stock,8a62751e-615d-4519-8f88-d437e40cde7e,https://tonies.com/en-gb/tonies/disney/tigger/,1,0,0,0
10002052,Disney,disney,Hercules,en-gb,audio-play-songs,stock,0b3ec635-3e26-407e-b063-a4cea3649ea9,https://tonies.com/en-gb/tonies/disney/hercules/,1,0,0,0
10002054,Disney,disney,Lady and the Tramp,en-gb,audio-play-songs,stock,931ec7b0-02ed-455e-b82d-10ab9727da3e,https://tonies.com/en-gb/tonies/disney/lady-and-the-tramp/,1,0,0,0
10002065,Disney,disney,Pocahontas,en-gb,audio-play-songs,stock,cc4db392-db24-46be-b3f7-edd1d2b0f907,https://tonies.com/en-gb/tonies/disney/pocahontas/,1,0,0,0
10002066,Karma's World,karma-s-world,Karma's World,en-gb,audio-play-songs,stock,94312430-2b21-4d31-a0d3-c65c131854a7,https://tonies.com/en-gb/tonies/karma-s-world/karmas-world/,1,0,0,0
10002067,Le Monde De Karma,le-monde-de-karma,Karma,fr-fr,audio-play-songs,stock,de791e0d-46eb-4c70-a0d9-702916cd0440,https://tonies.com/fr-fr/tonies/le-monde-de-karma/karma/,1,0,0,0
10002081,Paw Patrol,paw-patrol,Everest,en-gb,audio-play,stock,b0b9c565-d84e-4087-ae5b-2d11082779d8,https://tonies.com/en-gb/tonies/paw-patrol/everest/,1,0,0,0
10002082,Favourite Children's Songs,lieblings-kinderlieder,Playtime and Action Songs 2 (relaunch),en-gb,music,stock,0c761570-ebe1-4331-93b7-cdc463f1c56c,https://tonies.com/en-gb/tonies/favourite-children-s-songs/playtime-and-action-songs-2-relaunch/,1,0,0,1
10002098,La Pat' Patrouille,la-pat-patrouille,Everest,fr-fr,audio-play,stock,3a22b5c6-5b2a-4709-b04b-8e2ad82b90ec,https://tonies.com/fr-fr/tonies/la-pat-patrouille/everest/,1,0,0,0
10002099,Les Contes De Hoofs,les-contes-de-hoofs,Maxoof,fr-fr,audio-play,stock,5ada5ae0-37c5-44f5-9a94-c1fb009651dc,https://tonies.com/fr-fr/tonies/les-contes-de-hoofs/maxoof/,1,0,0,0
10002100,Les Contes De Hoofs,les-contes-de-hoofs,Zoof,fr-fr,audio-play,stock,9d7c0003-dd77-413e-8bdb-d14a5175566f,https://tonies.com/fr-fr/tonies/les-contes-de-hoofs/zoof/,1,0,0,0
10002132,Lucie Petite Danseuse,lucie-petite-danseuse,Lucie,fr-fr,audio-play,stock,e5829bde-2e47-4c5b-afd7-199c29ed45a3,https://tonies.com/fr-fr/tonies/lucie-petite-danseuse/lucie/,1,0,0,0
10002146,Peter und der Wolf,peter-und-der-wolf,Peter und der Wolf,de-de,audio-play-songs,stock,ede4d6e3-a85f-4496-ac9d-69c329fdbed5,https://tonies.com/de-de/tonies/peter-und-der-wolf/peter-und-der-wolf/,1,0,0,0
10002150,Tonies Collection Bundle,,Disney Adventure Tonie Collection,en-gb,audio-play,stock,,,1,0,0,0
10002164,Tonies Collection Bundle,,Disney Little Explorers Tonies Collection,en-gb,audio-play,stock,,,1,0,0,0
10002165,Tonies Collection Bundle,,Preschool Classics Tonie Collection,en-gb,audio-play,stock,,,1,0,0,0
10002166,Tonies Collection Bundle,,Tiny Tots Tales Tonie Collection,en-gb,audio-play,stock,,,1,0,0,0
10002167,Tonies Collection Bundle,,Older Kids Tonie Collection,en-gb,audio-play,stock,,,1,0,0,0
10002168,Tonies Collection Bundle,,Audiobook Favourites Tonie Collection,en-gb,audio-play,stock,,,1,0,0,0
10002169,Tonies Collection Bundle,,Dreamworks Tonie Collection,en-gb,audio-play,stock,,,1,0,0,0
10002170,Tonies Collection Bundle,,TV Favourites Tonies Collection,en-gb,audio-play,stock,,,1,0,0,0
10002171,Tonies Collection Bundle,,Classical Music Tonie Collection,en-gb,audio-play,stock,,,1,0,0,0
10002267,Sleepy Friends,sleepy-friends,Sleepy Sheep Night Light,en-gb,audio-play-songs,stock,ef1a8809-074f-442b-bee3-171849d83d06,https://tonies.com/en-gb/tonies/sleepy-friends/sleepy-sheep-night-light/,1,0,0,0
10002268,Schlummerbande,sleepy-friends,Nachtlicht Tonie - Schlummerschaf,de-de,music,stock,b97900ea-3926-4b41-9856-d971c6038dcd,https://tonies.com/de-de/tonies/schlummerbande/nachtlicht-tonie-schlummerschaf/,1,1,0,0
10002269,Les Copains Du Dodo,sleepy-friends,Tonie-Veilleuse - Doudou Mouton,fr-fr,music,stock,c8f16056-62bc-4554-b80c-4764ae16e439,https://tonies.com/fr-fr/tonies/les-copains-du-dodo/tonie-veilleuse-doudou-mouton/,1,0,0,0
10002429,Collections,,Collection Ostern,de-de,audio-play-songs,stock,,,1,0,0,0
10002570,tonies® x Steiff Jimmy Bear,,,en-us,Accessory,stock,,,1,1,0,0
10002571,tonies® x Steiff Hoppie Rabbit,,,en-us,Accessory,stock,,,1,0,0,0
11000174,Cocomelon,cocomelon,Getting Ready with JJ,en-gb,music,stock,eac46717-455f-40ac-b193-8ee7f12756be,https://tonies.com/en-gb/tonies/cocomelon/getting-ready-with-jj/,1,0,0,0
11000177,Cocomelon,cocomelon,Outdoor Adventures with JJ,en-gb,music,stock,6ace88a8-9b66-46ce-8ada-73cec13118f7,https://tonies.com/en-gb/tonies/cocomelon/outdoor-adventures-with-jj/,1,0,0,0
11000190,Care Bears,care-bears-2,Funshine Bear,en-gb,audio-play,stock,b4e5e92e-102a-4497-a4e8-bb5f975c36a7,https://tonies.com/en-gb/tonies/care-bears-2/funshine/,1,0,0,0
11000194,Paw Patrol,paw-patrol,Rex,en-gb,audio-play,stock,8aa8eab0-a923-49b4-bf47-a49f254d423b,https://tonies.com/en-gb/tonies/paw-patrol/rex/,1,0,0,0
11000199,Leos Tag,leos-tag,"1, 2, 3, sei beim Aufräumen dabei!",de-de,audio-play-songs,stock,2c4579b4-5eea-48ea-ac44-2578331a8eae,https://tonies.com/de-de/tonies/leos-tag/1-2-3-sei-beim-aufrumen-dabei/,1,1,0,0
11000203,Favorite Children's Songs,,Bugs!,en-us,Tonie,stock,8220603252887,,1,0,0,1
11000224,Paw Patrol,paw-patrol,Rocky,en-gb,audio-play,stock,4974cfd8-9943-41b0-bb38-0f8f30cfead3,https://tonies.com/en-gb/tonies/paw-patrol/rocky/,1,0,0,0
11000235,Pip and Posy,pip-and-posy,Pip,en-gb,audio-play,stock,9fc5d288-0232-4b10-bca2-704e752b86ac,https://tonies.com/en-gb/tonies/pip-and-posy/pip/,1,0,0,0
11000237,Care Bears,care-bears-2,Cheer Bear,en-gb,audio-play-songs,stock,39a3a614-4d62-429a-9661-f6f9b2917c0b,https://tonies.com/en-gb/tonies/care-bears-2/cheer-bear/,1,0,0,0
11000254,Paw Patrol,paw-patrol,Tracker,en-gb,audio-play,stock,12e48faa-ff7d-4e3f-9cbe-9bb269e7dbff,https://tonies.com/en-gb/tonies/paw-patrol/tracker/,1,0,0,0
11000265,King of Kindergarten,,,en-us,Tonie,stock,8260127948951,,1,0,0,1
11000284,Yakari,yakari,Best of Regenbogen,de-de,audio-play,stock,5d753e40-9aa7-4a40-a483-bf3dec8ebfd8,https://tonies.com/de-de/tonies/yakari/best-of-regenbogen/,1,0,0,0
11000296,Petit Malabar,petit-malabar,Science+Fiction=Aventure,fr-fr,audio-play,stock,ec75815f-d034-4566-90b5-8e3ac34c2be1,https://tonies.com/fr-fr/tonies/petit-malabar/science-fiction-aventure/,1,0,0,0
11000297,Oggy Oggy,oggy-oggy,"1, 2, 3, Prêts ? Partez !",fr-fr,audio-play,stock,cd43f1f7-1d30-4d25-b111-774972316fcf,https://tonies.com/fr-fr/tonies/oggy-oggy/1-2-3-prets-partez/,1,0,0,0
11000298,SamSam,samsam,SamSam,fr-fr,audio-book,stock,4f5bf4bf-4cde-4a59-adb6-715081fe9697,https://tonies.com/fr-fr/tonies/samsam/samsam/,1,0,0,0
11000299,Gigantosaurus,gigantosaurus,Rocky,fr-fr,audio-play,stock,a2a4af44-431d-4c36-849f-c71235adbc0c,https://tonies.com/fr-fr/tonies/gigantosaurus/rocky-2/,1,0,0,0
11000301,Tara Duncan,tara-duncan,Que Ta Magie Illumine !,fr-fr,audio-play,stock,ee1e39e5-21ad-439a-81fa-fa47bb7dad4d,https://tonies.com/fr-fr/tonies/tara-duncan/que-ta-magie-illumine/,1,0,0,0
11000304,Le Journal De Gurty,le-journal-de-gurty,Vacances En Provence,fr-fr,audio-book,stock,47739710-4cb9-438b-82fb-2785da31123e,https://tonies.com/fr-fr/tonies/le-journal-de-gurty/vacances-en-provence/,1,0,0,0
11000307,Les As De La Jungle,les-as-de-la-jungle,Miguel,fr-fr,audio-play,stock,25fe1c6c-657f-4573-9621-e9f3a1fbbb3a,https://tonies.com/fr-fr/tonies/les-as-de-la-jungle/miguel/,1,0,0,0
11000309,Contes Des 7 Secrets,tales-secrets-2,Contes Des 7 Secrets,fr-fr,audio-book,stock,df3019b5-074e-439d-9510-92b937dcd225,https://tonies.com/fr-fr/tonies/tales-secrets-2/contes-des-7-secrets/,1,0,0,0
11000310,Milo,milo-2,À La Découverte Des Métiers,fr-fr,audio-play,stock,7df5f16e-f018-4872-96ed-bd713ee25fe7,https://tonies.com/fr-fr/tonies/milo-2/a-la-decouverte-des-metiers/,1,0,0,0
11000316,Club Écolo,club-ecolo-2,Sauvetages En Montagne !,fr-fr,audio-play,stock,d344a604-7ade-4782-b7ef-87dada0fe82c,https://tonies.com/fr-fr/tonies/club-ecolo/sauvetages-en-montagne/,1,0,0,0
11000317,Club Écolo,club-ecolo-2,Sauvetages De Haut Vol !,fr-fr,audio-play,stock,08bbbfbb-fccf-42d5-9762-9289267d2bf7,https://tonies.com/fr-fr/tonies/club-ecolo/sauvetages-de-haut-vol/,1,0,0,0
11000318,Mes Classiques Préférés,mes-classiques-preferes,Les Malheurs De Sophie,fr-fr,audio-play,stock,1664920b-236f-4575-b9de-66c9f79bac72,https://tonies.com/fr-fr/tonies/mes-classiques-preferes/les-malheurs-de-sophie/,1,0,0,0
11000319,Le Prince De Motordu,le-prince-de-motordu,Les Belles Lisses Poires,fr-fr,audio-play,stock,21f65037-f556-4f94-a3ab-f7080af7ca12,https://tonies.com/fr-fr/tonies/le-prince-de-motordu/les-belles-lisses-poires/,1,0,0,0
11000325,À L'Écoute Des Animaux,a-lecoute-des-animaux,De La Ferme,fr-fr,audio-play-songs,stock,25db37df-51a4-48cb-abe4-c600f1035b68,https://tonies.com/fr-fr/tonies/a-lecoute-des-animaux/de-la-ferme/,1,0,0,0
11000329,Secrets D'Aventure,secrets-daventure,Sherlock Holmes,fr-fr,audio-play,stock,ace92292-9598-4dab-a391-2b77e64b691a,https://tonies.com/fr-fr/tonies/secrets-daventure/sherlock-holmes/,1,0,0,0
11000333,Les As De La Jungle,les-as-de-la-jungle,Maurice,fr-fr,audio-play,stock,fa395856-b929-4dd0-9ebf-61cddff2c262,https://tonies.com/fr-fr/tonies/les-as-de-la-jungle/maurice/,1,0,0,0
11000338,Le Journal De Gurty,le-journal-de-gurty,Parée Pour L'Hiver,fr-fr,audio-book,stock,39da76ad-63d0-4d70-af6a-70578a2055a5,https://tonies.com/fr-fr/tonies/le-journal-de-gurty/paree-pour-l-hiver/,1,0,0,0
11000339,Mumfie,mumfie-2,Histoires Douces Pour Rêver,fr-fr,audio-play,stock,81bb996d-d247-4af6-88e3-df90204f628b,https://tonies.com/fr-fr/tonies/mumfie/histoires-douces-pour-rever/,1,0,0,0
11000342,La Pat' Patrouille,la-pat-patrouille,Rocky,fr-fr,audio-play,stock,3371cd5e-4b84-4a37-a9b9-f84a1871091a,https://tonies.com/fr-fr/tonies/la-pat-patrouille/rocky/,1,0,0,0
11000347,La Pat' Patrouille,paw-patrol,Rex,fr-fr,audio-play,stock,ec212d59-4bd0-4b74-948c-1f524cba415d,https://tonies.com/fr-fr/tonies/la-pat-patrouille/rex/,1,0,0,0
11000348,La Pat' Patrouille,paw-patrol,Zuma,fr-fr,audio-play,stock,1cf1d8bc-e5df-481c-88a4-893b1e8dbe48,https://tonies.com/fr-fr/tonies/la-pat-patrouille/zuma/,1,0,0,0
11000349,Calendrier De L'Avent,adventskalender,Le Petit Renne Qui Rêvait D'Avoir Des Ailes,fr-fr,audio-play,stock,ec6028d4-e0d4-4573-b61d-d9e47fe5d184,https://tonies.com/fr-fr/tonies/calendrier-de-l-avent/le-petit-renne-qui-revait-d-avoir-des-ailes/,1,0,0,0
11000353,Masha Et Michka,mascha-und-der-bar,Michka,fr-fr,audio-play,stock,b006412f-f09d-4695-abca-b8562785ff2f,https://tonies.com/fr-fr/tonies/masha-et-michka/michka/,1,0,0,0
11000355,La Journée De Léo,la-journee-de-leo,Mes Petits Rituels En Chansons,fr-fr,audio-play-songs,stock,4321ed79-2556-455e-8390-56acdefa08a8,https://tonies.com/fr-fr/tonies/la-journee-de-leo/mes-petits-rituels-en-chansons/,1,0,0,0
11000361,Gigantosaurus,gigantosaurus-2,Mazu,fr-fr,audio-play,stock,fcf2688b-0b26-43ee-9bae-99dcc89e9d87,https://tonies.com/fr-fr/tonies/gigantosaurus/mazu/,1,0,0,0
11000362,Gigantosaurus,gigantosaurus-2,Bill,fr-fr,audio-play,stock,3a9f307b-ba51-4379-a628-9f41d19a4d9f,https://tonies.com/fr-fr/tonies/gigantosaurus/bill/,1,0,0,0
11000363,Totally Spies,totally-spies,Sam,fr-fr,audio-play,stock,43d52cc1-ebf8-48f7-940c-5ca4663b61c9,https://tonies.com/fr-fr/tonies/totally-spies/sam/,1,0,0,0
11000405,Make Way for Ducklings,,,en-us,Tonie,stock,8134567002263,,1,0,0,0
11000416,Peppa Pig,peppa-pig-2,Peppa Pig: My First Album,en-gb,music,stock,8e09ad55-5a33-466c-975c-27e25ffa429d,https://tonies.com/en-gb/tonies/peppa-pig/peppa-pig-my-first-album/,1,0,0,0
11000422,Maestro,maestro,Maestro,en-gb,music,stock,8c87a5e8-2600-443c-ae7a-0e9d917a8c8f,https://tonies.com/en-gb/tonies/maestro/maestro/,1,0,0,0
11000424,Sleepy Friends,sleepy-friends,Classical Music with Sleepy Rabbit,en-gb,music,stock,1cd2a495-cc66-4b2a-a28f-9c7b8d897225,https://tonies.com/en-gb/tonies/sleepy-friends/classical-music-with-sleepy-rabbit/,1,0,0,0
11000430,Dino Ranch,dino-ranch,Mächtig Ärger für Jon & 3 weitere Abenteuer,de-de,audio-play,stock,6617d727-a3e3-4be6-9ec1-7004682fe20e,https://tonies.com/de-de/tonies/dino-ranch/machtig-arger-fur-jon-3-weitere-abenteuer/,1,1,0,0
11000431,Soul,disney-soul,Soul,de-de,audio-play-songs,stock,b7e7882e-2179-4a50-b5af-64d5f7dce431,https://tonies.com/de-de/tonies/disney-soul/soul/,1,1,0,0
11000438,PAW Patrol,paw-patrol,Rettung für T-Rex,de-de,audio-play,stock,c4bbdb25-6a9d-4320-9d13-84364b67fd0c,https://tonies.com/de-de/tonies/paw-patrol/rettung-fur-t-rex/,1,1,0,0
11000445,Octonauts,,Peso,en-us,Tonie,stock,8031548899479,,1,0,0,0
11000447,Planet Omar,,Accidental Trouble Magnet,en-us,Tonie,stock,7907850649751,,1,1,0,0
11000457,Calm x tonies®,,,en-us,Tonie,stock,7806525866135,,1,1,0,0
11000458,Calm,,Calm,en-gb,,stock,d7d0d398-f289-47f3-acff-8e0cb0a47158,https://tonies.com/de-de///,1,0,0,0
11000472,Moshi,moshi,Shishi,en-gb,audio-play-songs,stock,f1749271-10c5-455f-825e-0a57650e9aaf,https://tonies.com/en-gb/tonies/moshi/shishi/,1,0,0,0
11000473,Moshi,moshi,Chirpy,en-gb,audio-play-songs,stock,fcc84f03-d079-4668-a90e-fe0e5c4ee414,https://tonies.com/en-gb/tonies/moshi/chirpy/,1,0,0,0
11000476,Alma and How She Got Her Name,,,en-us,Tonie,stock,8517907742871,,1,0,0,0
11000503,La Pat' Patrouille,la-pat-patrouille,Liberty,fr-fr,audio-play,stock,0041af69-1f3a-4432-91ce-f31baec80fdf,https://tonies.com/fr-fr/tonies/la-pat-patrouille/liberty/,1,0,0,0
11000509,C'Est Toujours Pas Sorcier,was-ist-was,Nos Amis Les Animaux,fr-fr,audio-play-educational,stock,bb7c7283-d4d7-4ff9-94ab-9ff803d826b1,https://tonies.com/fr-fr/tonies/c-est-toujours-pas-sorcier/nos-amis-les-animaux/,1,0,0,0
11000512,Foot 2 Rue,foot-2-rue,Petit Dragon,fr-fr,audio-play,stock,47d446af-df19-4209-852c-37205075ffc2,https://tonies.com/fr-fr/tonies/foot-2-rue/petit-dragon/,1,0,0,0
11000513,Sacha Danse Le Chachacha,sacha-dans-le-chachacha,Sacha,fr-fr,audio-play,stock,1f01dc51-c39e-48f0-8664-5d29b98e46bb,https://tonies.com/fr-fr/tonies/sacha-dans-le-chachacha/sacha/,1,0,0,0
11000522,In the Night Garden,in-the-night-garden,Bedtime with Upsy Daisy,en-gb,audio-play,stock,b7a1ae7f-1662-4251-a830-12d5ba0d7149,https://tonies.com/en-gb/tonies/in-the-night-garden/bedtime-with-upsy-daisy/,1,0,0,0
11000527,Pinkalicious,,,en-us,Tonie,stock,8562942181527,,1,0,0,0
11000542,Disney,,The Muppets: Miss Piggy,en-us,Tonie,stock,8473936429207,,1,0,0,1
11000559,Disney,disney,Wish,en-gb,audio-play-songs,stock,e21017ba-d2cf-4f89-bdef-81dde36a4458,https://tonies.com/en-gb/tonies/disney/wish/,1,0,0,0
11000572,Mon Petit Science & Vie,sciences-et-vie,Dans Le Labo De Nano,fr-fr,audio-play,stock,7d30af55-ce8c-45fc-8e0a-2d65d67044b8,https://tonies.com/fr-fr/tonies/sciences-et-vie/dans-le-labo-de-nano/,1,0,0,0
11000573,Foot 2 Rue,foot-2-rue,Jérémy,fr-fr,audio-play,stock,1b0bea2a-79f2-4dd3-bc26-dd2477d481d9,https://tonies.com/fr-fr/tonies/foot-2-rue/jeremy/,1,0,0,0
11000577,Mini-Loup,mini-loup,Mini-Loup À L'École,fr-fr,audio-play,stock,7179ae82-db42-4163-bfb5-76f186e58e34,https://tonies.com/fr-fr/tonies/mini-loup/mini-loup-a-l-ecole/,1,0,0,0
11000578,Tara Duncan,tara-duncan-2,Vive La Magie !,fr-fr,audio-play,stock,d8b13c6d-2add-42af-98b9-8c22e24115c4,https://tonies.com/fr-fr/tonies/tara-duncan/vive-la-magie/,1,0,0,0
11000583,Alix Pix 2,alix-pix-2,"Mystères, Petits Pièges Et Sortilèges",fr-fr,audio-play,stock,d75a824b-f197-44c2-8c0a-b41bc691b8dc,https://tonies.com/fr-fr/tonies/alix-pix-2/mysteres-petits-pieges-et-sortileges/,1,0,0,0
11000586,Batwheels - DC,dc-batwheels,Bam,fr-fr,audio-play,stock,9bae4ad5-03f6-4622-8a0d-58ccf39f1f39,https://tonies.com/fr-fr/tonies/batwheels-dc/bam/,1,0,0,0
11000593,DC: Batwheels,dc-batwheels-2,DC - Batwheels,de-de,audio-play,stock,c8d317f8-d797-477b-803e-79145a88f468,https://tonies.com/de-de/tonies/dc-batwheels-2/dc-batwheels/,1,0,0,0
11000605,Trolls,trolls,Viva,en-gb,audio-play-songs,stock,d22ca57c-4c41-4461-81b1-f8d558734784,https://tonies.com/en-gb/tonies/trolls/viva/,1,0,0,0
11000608,Spidey Et Ses Amis Extraordinaires,spidey-et-ses-amis-extraordinaires,Ghost-Spider,fr-fr,audio-play-songs,stock,4b745f3a-0e10-42a9-990f-6c5b1ec0c8ad,https://tonies.com/fr-fr/tonies/spidey-et-ses-amis-extraordinaires/ghost-spider/,1,0,0,0
11000609,Spidey Et Ses Amis Extraordinaires,spidey-et-ses-amis-extraordinaires,Miles Morales,fr-fr,audio-play-songs,stock,1b73316c-a179-4b6f-9e38-a773b8c3b606,https://tonies.com/fr-fr/tonies/spidey-et-ses-amis-extraordinaires/miles-morales/,1,0,0,0
11000615,Lalalinos,lalalinos,Es groovt in Bumbaloo,de-de,audio-play-songs,stock,46295ffc-1b7b-43e3-928d-02820af19129,https://tonies.com/de-de/tonies/lalalinos/lalalinos-es-groovt-in-bumbaloo/,1,0,0,0
11000618,Lalalinos,lalalinos,Die beste Band in Bumbaloo,de-de,audio-play-songs,stock,dca6c5c1-93d0-4cab-8587-cd0211a19224,https://tonies.com/de-de/tonies/lalalinos/lalalinos-die-beste-band-in-bumbaloo/,1,0,0,0
11000628,Petit Ours Brun,petit-ours-brun-2,Petit Ours Brun (Vol. 2),fr-fr,audio-book,stock,0de86d8f-849e-49d2-8eba-b20712eabd46,https://tonies.com/fr-fr/tonies/petit-ours-brun/petit-ours-brun-vol-2/,1,0,0,0
11000629,Gus Le Chevalier Minus,gus,Gus,fr-fr,audio-play,stock,eaf4efc3-3b94-407d-bfb2-a04ba8f65803,https://tonies.com/fr-fr/tonies/gus/gus/,1,0,0,0
11000720,Schlummerbande,sleepy-friends,Nachtlicht Tonie - Schlummerbär,de-de,music,stock,ebf7dac5-8922-4fe7-a165-77e85d8fb062,https://tonies.com/de-de/tonies/schlummerbande/nachtlicht-tonie-schlummerbr/,1,0,0,0
11000728,Lunar New Year,lunar-new-year,Lunar New Year,en-gb,audio-play,stock,31876635-cb59-412b-a728-2a901262ee25,https://tonies.com/en-gb/tonies/lunar-new-year/lunar-new-year/,1,0,0,0
11000730,Horrible Histories,horrible-histories,Vicious Vikings,en-gb,audio-book,stock,c165654e-4ec3-4c06-82fa-99d2de13f18c,https://tonies.com/en-gb/tonies/horrible-histories/vicious-vikings/,1,0,0,0
11000732,Judith Kerr,judith-kerr,The Tiger Who Came to Tea,en-gb,audio-book,stock,020db413-0976-46f0-ba3b-0c8ff07ae560,https://tonies.com/en-gb/tonies/judith-kerr/the-tiger-who-came-to-tea/,1,0,0,0
11000739,Kung Fu Panda,kung-fu-panda,Kung Fu Panda,de-de,audio-play,stock,ad0985a4-9351-4345-a978-877693353487,https://tonies.com/de-de/tonies/kung-fu-panda/kung-fu-panda/,1,1,0,0
11000748,Sesame Street,,Elmo & Tango,en-us,Tonie,stock,8562891096215,,1,0,0,0
11000758,Mes Contes Préférés,lieblings-marchen,Le Chat Botté Et 3 Autres Contes,fr-fr,audio-play,stock,ae9e38eb-0b17-49ec-80ec-825e1d81daba,https://tonies.com/fr-fr/tonies/mes-contes-preferes/le-chat-botte-et-3-autres-contes/,1,0,0,0
11000759,Mes Comptines Préférées,lieblings-kinderlieder,Pour Frissonner,fr-fr,music,stock,371b7a42-ae85-4e5f-a42e-f9b87233ff37,https://tonies.com/fr-fr/tonies/mes-comptines-preferees/pour-frissonner/,1,0,0,0
11000760,Calendrier De L'Avent,adventskalender,Un Noël Magique Pour Les Amis De La Forêt,fr-fr,audio-play,stock,c7996b2b-b5e5-44aa-8002-e455517d2c25,https://tonies.com/fr-fr/tonies/calendrier-de-l-avent/un-noel-magique-pour-les-amis-de-la-foret/,1,0,0,0
11000761,La Maison De Gabby,gab-dollhouse-us,Gabby,fr-fr,audio-play,stock,af4ba5c2-980b-45ab-b4c3-940878f11c71,https://tonies.com/fr-fr/tonies/la-maison-de-gabby/gabby/,1,0,0,0
11000768,Ostwind,ostwind,Ostwind - Pferde verstehen mit Ostwind,de-de,audio-book,stock,a6454b0a-3d8e-47c3-994b-755845aad5a4,https://tonies.com/de-de/clever-tonies/ostwind/ostwind-pferde-verstehen-mit-ostwind/,1,1,0,0
11000769,Leo und die Abenteuermaschine,leo-und-die-abentuermaschine,Leo und die Mondlandung,de-de,audio-play,stock,8d5d24ce-d5ed-4b4f-8188-eae0f4c561a2,https://tonies.com/de-de/clever-tonies/leo-und-die-abentuermaschine/leo-und-die-mondlandung-dach/,1,0,0,0
11000771,Wundervolle Welt der Dinosaurier und der Urzeit,wundervolle-welt-der-dinosaurier,Wundervolle Welt der Dinosaurier und der Urzeit,de-de,audio-book,stock,c14a2dd5-1514-48ce-9f0c-39e67f32be14,https://tonies.com/de-de/clever-tonies/wundervolle-welt-der-dinosaurier/wundervolle-welt-der-dinosaurier-und-der-urzeit/,1,0,0,0
11000788,WAS IST WAS,was-ist-was,WAS IST WAS - Set,de-de,audio-play,stock,3348d614-8647-4ad8-bf10-7b8e976d1c76,https://tonies.com/de-de/clever-tonies/was-ist-was/was-ist-was-set/,1,0,0,0
11000789,Schlummerbande,sleepy-friends,Schlummerschaf – Einschlafmelodien von der Weide,de-de,music,stock,5c11b8b7-3c23-438e-a0a2-9eef44ae5b94,https://tonies.com/de-de/tonies/schlummerbande/schlummerschaf-einschlafmelodien-von-der-weide/,1,1,0,1
11000796,GEOlino,geo,GEOlino Mini - Set,de-de,audio-play,stock,d93b7568-a0af-4135-ac99-1e76e47a581f,https://tonies.com/de-de/clever-tonies/geo/geolino-mini-set/,1,0,0,0
11000806,Tierisch!,tierisch,Tierisch! Rekordverdächtig - Set,de-de,audio-play,stock,c3a3214c-2794-45ff-a4c7-2588c00f58c6,https://tonies.com/de-de/clever-tonies/tierisch/tierisch-rekordverdachtig-set/,1,0,0,0
11000815,Jurassic World: Camp Cretaceous,jurassic-world-camp-cretaceous,Camp Cretaceous,en-gb,audio-play,stock,5a377de4-b495-4708-98f9-445a187a4b1e,https://tonies.com/en-gb/tonies/jurassic-world-camp-cretaceous/camp-cretaceous/,1,0,0,0
11000842,KLE!NE EXPERTEN,klene-experten,KLE!NE EXPERTEN tauchen mit Walen,de-de,audio-play,stock,58ac0d5c-041f-42ee-b6f0-dc9b8b5950cc,https://tonies.com/de-de/tonies/klene-experten/klene-experten-tauchen-mit-walen/,1,0,0,0
11000843,KLE!NE EXPERTEN,klene-experten,KLE!NE EXPERTEN treffen auf Dinosaurier,de-de,audio-play,stock,6965f3d5-fbc7-4f97-9fb2-bb3e2344c394,https://tonies.com/de-de/tonies/klene-experten/klene-experten-treffen-auf-dinosaurier/,1,0,0,0
11000855,Mo Willems' The Pigeon Series,,,en-us,Tonie,stock,8558127120535,,1,0,0,0
11000863,Cool Jobs,coole-jobs,Cool Jobs,en-gb,audio-play,stock,e7cabcaf-12a3-436b-96f2-dfeb05d892c4,https://tonies.com/en-gb/clever-tonies/cool-jobs/cool-jobs/,1,0,0,0
11000886,Clever Tonies Set,,Cool Jobs,en-us,Tonie,stock,8134563299479,,1,0,0,0
11000898,Twinkl,twinkl,Learn with Twinkl,en-gb,audio-play-educational,stock,eee96109-2797-468a-a128-241c1dcea204,https://tonies.com/en-gb/clever-tonies/twinkl/learn-with-twinkl/,1,0,0,0
11000925,Fantasia,disney-fantasia,Fantasia,de-de,audio-play,stock,a61cabd9-3024-47ce-85f2-ccbf8f3b5f17,https://tonies.com/de-de/tonies/disney-fantasia/fantasia/,1,1,0,0
11000936,Die Unglaublichen,disney-the-incredibles,Die Unglaublichen – The Incredibles,de-de,audio-play,stock,273fb236-8e04-418c-821f-a6c192f56947,https://tonies.com/de-de/tonies/disney-die-unglaublichen/die-unglaublichen-the-incredibles/,1,0,0,0
11000940,Pettersson und Findus,pettersson-und-findus,Mein Gartenjahr - Frühling & Sommer,de-de,audio-play,stock,70cea8e0-f282-4182-8710-9b2d7fee00c7,https://tonies.com/de-de/clever-tonies/pettersson-und-findus/pettersson-findus-mein-gartenjahr-fruhling-sommer/,1,1,0,0
11000949,Trolls,trolls,Gemeinsam Stark,de-de,audio-play,stock,c738d003-1e1e-4ae0-891b-28af621927dd,https://tonies.com/de-de/tonies/trolls/gemeinsam-stark/,1,1,0,0
11000951,Encanto,disney-encanto,Encanto,fr-fr,audio-play-songs,stock,d0536670-b258-44fd-ad27-a6ee9a8f3172,https://tonies.com/fr-fr/tonies/disney-encanto/encanto/,1,0,0,0
11000953,Coco,disney-coco,Coco,fr-fr,audio-play-songs,stock,434052c2-3e93-436d-a8d1-880462959d7f,https://tonies.com/fr-fr/tonies/disney-coco/coco/,1,0,0,0
11000955,Les Copains Du Dodo,sleepy-friends,Doudou Mouton Noir,fr-fr,music,stock,3e7bfe3a-44c8-4fe1-a65f-d2554d5cbd92,https://tonies.com/fr-fr/tonies/les-copains-du-dodo/doudou-mouton-noir/,1,0,0,0
11000974,Peppa Pig,peppa-pig-2,Meine Geburtstagsparty,de-de,audio-play,stock,3a43e53c-fd57-4d77-a09f-d81d6357553c,https://tonies.com/de-de/tonies/peppa-pig/meine-geburtstagsparty/,1,0,0,0
11001062,WAS IST WAS,was-ist-was,"Fußball - 1, 2, 3, ... Tor!",de-de,audio-play,stock,90d03792-e0da-4b86-904e-fd198a078ff7,https://tonies.com/de-de/clever-tonies/was-ist-was/was-ist-was-fussball/,1,0,0,0
11001088,Les Copains Du Dodo,les-copains-du-dodo,Tonie-Veilleuse - Doudou Nounours (Exclu Smyths Toys),fr-fr,music,stock,70abd56e-8c47-4b1f-8388-2935f109f32b,https://tonies.com/fr-fr/tonies/les-copains-du-dodo/tonie-veilleuse-doudou-nounours/,1,0,0,0
11001107,Numberblocks,numberblocks,Numberblocks,en-gb,audio-play-educational,stock,28a6969c-f83b-4bc4-a52d-5bcba69544b1,https://tonies.com/en-gb/clever-tonies/numberblocks/numberblocks/,1,0,0,0
11001116,tonies® Original,tonies-originals,Kids Comedy Club,en-gb,audio-play,stock,cbd76c94-4622-4f8e-b7fa-799a8ac4ffe7,https://tonies.com/en-gb/clever-tonies/tonies-originals/kids-comedy-club/,1,0,0,0
11001144,PAW Patrol,paw-patrol,Jungle Pups: Marshall,de-de,audio-play,stock,99cfc7dd-4bce-4e4d-b528-b4572bf10eb1,https://tonies.com/de-de/tonies/paw-patrol/jungle-pups-marshall/,1,1,0,0
11001145,PAW Patrol,paw-patrol,Jungle Pups: Chase,de-de,audio-play,stock,39577b9f-886a-4897-9078-e1bfbd04c0fa,https://tonies.com/de-de/tonies/paw-patrol/jungle-pups-chase/,1,1,0,0
11001146,PAW Patrol,paw-patrol,Jungle Pups: Skye,de-de,audio-play,stock,9b93c26e-c679-43c9-807f-ac11d063055a,https://tonies.com/de-de/tonies/paw-patrol/jungle-pups-skye/,1,1,0,0
11001147,Spidey Et Ses Amis Extraordinaires,marvel-spidey-and-his-amazing-friends,Black Panther,fr-fr,audio-play-songs,stock,8e79495a-72ac-4a68-9c28-f7e9cad0bd36,https://tonies.com/fr-fr/tonies/spidey-et-ses-amis-extraordinaires/black-panther/,1,0,0,0
11001166,Les Copains Du Dodo,sleepy-friends,Tonie-Veilleuse - Doudou Mouton (Édition 2024),fr-fr,music,stock,c8f16056-62bc-4554-b80c-4764ae16e439,https://tonies.com/fr-fr/tonies/les-copains-du-dodo/tonie-veilleuse-doudou-mouton/,1,0,0,0
11001243,Animal World,animal-world,Wild Survivors,en-gb,audio-play-educational,stock,749f2518-b8fe-43ed-9e93-18d5892a9fd2,https://tonies.com/en-gb/clever-tonies/animal-world/wild-survivors/,1,0,0,0
11001487,Animal World,animal-world,Precious Pets,en-gb,audio-play-educational,stock,4a426b4e-9c6a-4cd6-8b17-37f45c901408,https://tonies.com/en-gb/clever-tonies/animal-world/precious-pets/,1,0,0,0
11001510,Jurassic World,,Camp Cretaceous,en-us,Tonie,stock,8562972393623,,1,0,0,0
11001543,MARVEL Spidey und seine Super-Freunde,marvel-spidey-and-his-amazing-friends,Spidey und seine Super-Freunde - Raketen-Rhino & 3 weitere spannende Abenteuer,de-de,audio-play,stock,cfc65b2d-ed74-46b9-b41c-6e1afa0b7dbb,https://tonies.com/de-de/tonies/marvel-spidey-and-his-amazing-friends/raketen-rhino-3-weitere-spannende-abenteuer/,1,0,0,0
11001565,Lilo & Stitch,disney-lilo-stitch,Lilo Et Stitch,fr-fr,audio-play,stock,ddf7b05d-0e3f-44ca-a94f-aa64e720dfd3,https://tonies.com/fr-fr/tonies/disney-lilo-stitch/lilo-et-stitch/,1,0,0,0
11001566,Scooby-Doo,scooby,Scooby-Doo,de-de,audio-play,stock,78c4b207-29f9-42b0-8b65-e64d64988e38,https://tonies.com/de-de/tonies/scooby/scooby-doo-scooby-doo/,1,0,0,0
11001780,Favourite Children's Songs,favourite-children-s-songs,Christmas Songs and Carols 2 (2024 edition),en-gb,music,stock,b4f649d4-01dc-4a7f-9df3-5660bf2e383a,https://tonies.com/en-gb/tonies/favourite-children-s-songs/christmas-songs-and-carols-2-relaunch/,1,0,0,0
11001834,Cocomelon,cocomelon,Raus in die Welt mit JJ,de-de,music,stock,ec1ab74e-d820-4abc-be01-1a71d504c30c,https://tonies.com/de-de/tonies/cocomelon/raus-in-die-welt-mit-jj/,1,0,0,0
11001851,Disney,,"Bundle with Tigger, Woody & Stitch - Red",en-us,Tonie,stock,8481763459223,,1,0,0,0
11001852,Disney,,"Bundle with Belle, Cinderella & Ariel - Pink",en-us,Tonie,stock,8482426847383,,1,0,0,0
11001863,Disney,,Moana: Un Mar de Aventuras Tonie (en Español),en-us,Tonie,stock,8565784838295,,1,0,0,0
11001864,Disney,,Frozen: Una Aventura Congelada Tonie (en Español),en-us,Tonie,stock,8565948055703,,1,0,0,0
11001865,Disney,,Enredados Tonie (en Español),en-us,Tonie,stock,8537910837399,,1,0,0,0
11001866,Disney,,La Sirenita Tonie (en Español),en-us,Tonie,stock,8517937987735,,1,0,0,0
11001867,Disney,,El Rey León Tonie (en Español),en-us,Tonie,stock,8537910968471,,1,0,0,0
11001878,Disney & Pixar,,Toy Story: Woody Tonie (en Español),en-us,Tonie,stock,8565943992471,,1,0,0,0
11001913,Enid Blyton,enid-blyton,Stories For Bedtime,en-gb,audio-book,stock,9f619d2f-daa3-4b05-85da-8823371e830d,https://tonies.com/en-gb/book-tonies/enid-blyton/stories-for-bedtime/,1,0,0,0
11002140,Potty Training,,,en-us,Tonie,stock,8134364266647,,1,0,0,0
11002237,Sam's Club Disney Bundle with Red Toniebox,,,en-us,Tonie,stock,8533490204823,,1,0,0,0
11111111,Coming Soon Tonie 2,,,en-us,Tonie,stock,8416058638487,,1,0,0,0
43314534219927,The Elf on the Shelf,,,en-us,Tonie,stock,8072067055767,,1,0,0,0
43314558009495,Favorite Masterpieces,,The Nutcracker,en-us,Tonie,stock,8072076656791,,1,0,0,0
43314564169879,Maestro,,,en-us,Tonie,stock,8072079147159,,1,0,0,0
43478247014551,Potty Training,,,en-us,Tonie,stock,8134364266647,,1,0,0,0
43478296232087,The Pontypandy Pack,,Fireman Sam,en-us,Tonie,stock,8134366888087,,1,0,0,0
43478301802647,Vanessa Brantley-Newton,,Grandma's Purse and Other Stories,en-us,Tonie,stock,8134367019159,,1,0,0,0
43479451500695,Care Bears,,Funshine Bear,en-us,Tonie,stock,8134562447511,,1,0,0,0
7979797979,Marvel's Spidey and His Amazing Friends,,Black Panther,en-us,Tonie,stock,8220488302743,,1,0,0,0
NOT-TODAY-STAN-11000499,Piney,,The Lonesome Pine,en-us,Tonie,stock,8225978941591,,1,0,0,0
SAMSBUNDLE,Sam's Club Disney Bundle with Red Toniebox,,,en-us,Tonie,stock,8533490204823,,1,0,0,0
target3,Disney,,"Bundle with Tigger, Woody & Stitch - Red",en-us,Tonie,stock,8481763459223,,1,0,0,0
target4,Disney,,"Bundle with Belle, Cinderella & Ariel - Pink",en-us,Tonie,stock,8482426847383,,1,0,0,0
